{"cameraMode":{"drawMode":0,"name":"Shaded","section":"Shading Mode"},"sceneLighting":true,"audioPlay":false,"sceneViewState":{"showFog":true,"showMaterialUpdate":false,"showSkybox":true,"showFlares":true,"showImageEffects":true,"showParticleSystems":true},"in2DMode":false,"pivot":{"x":130.2437744140625,"y":384.7523193359375,"z":-30.839752197265626},"rotation":{"x":-0.13479137420654298,"y":0.03922491893172264,"z":-0.005340153817087412,"w":-0.9900829792022705},"size":245.1498565673828,"orthographic":false}